Algorithm,ArrayType,Size,Comparisons,Movements,Time(us)
InsertionSort,Sorted,10,9,9,0
InsertionSort,Reversed,10,45,54,0
InsertionSort,AlmostSorted,10,9,9,0
InsertionSort,Random,10,27,30,0
BubbleSort,Sorted,10,45,0,0
BubbleSort,Reversed,10,45,0,0
BubbleSort,AlmostSorted,10,45,0,0
BubbleSort,Random,10,45,0,0
HeapSort,Sorted,10,72,31,1
HeapSort,Reversed,10,72,31,3
HeapSort,AlmostSorted,10,72,31,0
HeapSort,Random,10,68,29,0
MergeSort,Sorted,10,19,34,23
MergeSort,Reversed,10,19,34,5
MergeSort,AlmostSorted,10,19,34,3
MergeSort,Random,10,19,34,3
QuickSort,Sorted,10,45,54,6
QuickSort,Reversed,10,45,54,4
QuickSort,AlmostSorted,10,45,54,3
QuickSort,Random,10,21,18,2
ShellSort,Sorted,10,22,22,0
ShellSort,Reversed,10,22,22,0
ShellSort,AlmostSorted,10,22,22,0
ShellSort,Random,10,22,22,0
InsertionSort,Sorted,100,99,99,0
InsertionSort,Reversed,100,4950,5049,34
InsertionSort,AlmostSorted,100,837,837,7
InsertionSort,Random,100,2499,2501,18
BubbleSort,Sorted,100,4950,0,20
BubbleSort,Reversed,100,4950,0,20
BubbleSort,AlmostSorted,100,4950,0,19
BubbleSort,Random,100,4950,0,20
HeapSort,Sorted,100,1382,641,16
HeapSort,Reversed,100,1382,641,16
HeapSort,AlmostSorted,100,1382,641,16
HeapSort,Random,100,1352,626,19
MergeSort,Sorted,100,356,672,39
MergeSort,Reversed,100,356,672,35
MergeSort,AlmostSorted,100,356,672,35
MergeSort,Random,100,356,672,38
QuickSort,Sorted,100,4950,5049,61
QuickSort,Reversed,100,4950,5049,75
QuickSort,AlmostSorted,100,4950,5049,57
QuickSort,Random,100,3515,3540,42
ShellSort,Sorted,100,503,503,3
ShellSort,Reversed,100,503,503,3
ShellSort,AlmostSorted,100,503,503,3
ShellSort,Random,100,503,503,3
InsertionSort,Sorted,1000,999,999,8
InsertionSort,Reversed,1000,499500,500499,3505
InsertionSort,AlmostSorted,1000,52045,52045,377
InsertionSort,Random,1000,250196,250199,1749
BubbleSort,Sorted,1000,499500,0,1979
BubbleSort,Reversed,1000,499500,0,1985
BubbleSort,AlmostSorted,1000,499500,0,1982
BubbleSort,Random,1000,499500,0,1665
HeapSort,Sorted,1000,20418,9709,167
HeapSort,Reversed,1000,20418,9709,175
HeapSort,AlmostSorted,1000,20418,9709,172
HeapSort,Random,1000,20300,9650,170
MergeSort,Sorted,1000,5044,9976,242
MergeSort,Reversed,1000,5044,9976,229
MergeSort,AlmostSorted,1000,5044,9976,246
MergeSort,Random,1000,5044,9976,247
QuickSort,Sorted,1000,499500,500499,3330
QuickSort,Reversed,1000,499500,500499,3413
QuickSort,AlmostSorted,1000,499500,500499,3994
QuickSort,Random,1000,319082,319303,3392
ShellSort,Sorted,1000,8006,8006,58
ShellSort,Reversed,1000,8006,8006,58
ShellSort,AlmostSorted,1000,8006,8006,58
ShellSort,Random,1000,8006,8006,71
InsertionSort,Sorted,10000,9999,9999,85
InsertionSort,Reversed,10000,49995000,50004999,287905
InsertionSort,AlmostSorted,10000,5633741,5633741,27771
InsertionSort,Random,10000,25243998,25244005,113005
BubbleSort,Sorted,10000,49995000,0,141976
BubbleSort,Reversed,10000,49995000,0,138602
BubbleSort,AlmostSorted,10000,49995000,0,147701
BubbleSort,Random,10000,49995000,0,150095
HeapSort,Sorted,10000,273914,131957,2462
HeapSort,Reversed,10000,273914,131957,2120
HeapSort,AlmostSorted,10000,273914,131957,2350
HeapSort,Random,10000,272338,131169,2414
MergeSort,Sorted,10000,69008,133616,2893
MergeSort,Reversed,10000,69008,133616,2816
MergeSort,AlmostSorted,10000,69008,133616,2768
MergeSort,Random,10000,69008,133616,2733
QuickSort,Sorted,10000,49995000,50004999,484627
QuickSort,Reversed,10000,49995000,50004999,483454
QuickSort,AlmostSorted,10000,49995000,50004999,367416
QuickSort,Random,10000,31774738,31777156,288442
ShellSort,Sorted,10000,120005,120005,723
ShellSort,Reversed,10000,120005,120005,734
ShellSort,AlmostSorted,10000,120005,120005,730
ShellSort,Random,10000,120005,120005,727
InsertionSort,Sorted,100000,99999,99999,942
InsertionSort,Reversed,100000,4999950000,5000049999,2.60857e+07
InsertionSort,AlmostSorted,100000,574475289,574475289,2.29747e+06
InsertionSort,Random,100000,2499226449,2499226462,1.27625e+07
BubbleSort,Sorted,100000,4999950000,0,1.608e+07
BubbleSort,Reversed,100000,4999950000,0,1.64515e+07
BubbleSort,AlmostSorted,100000,4999950000,0,1.71572e+07
BubbleSort,Random,100000,4999950000,0,1.48593e+07
HeapSort,Sorted,100000,3401710,1650855,45995
HeapSort,Reversed,100000,3401710,1650855,52520
HeapSort,AlmostSorted,100000,3401710,1650855,51829
HeapSort,Random,100000,3398036,1649018,55577
MergeSort,Sorted,100000,853904,1668928,50720
MergeSort,Reversed,100000,853904,1668928,56766
MergeSort,AlmostSorted,100000,853904,1668928,65095
MergeSort,Random,100000,853904,1668928,54148
QuickSort,Sorted,100000,4999950000,5000049999,3.9309e+07
QuickSort,Reversed,100000,4999950000,5000049999,3.9543e+07
QuickSort,AlmostSorted,100000,4999950000,5000049999,3.89234e+07
QuickSort,Random,100000,3151540170,3151563428,2.49227e+07
ShellSort,Sorted,100000,1500006,1500006,7553
ShellSort,Reversed,100000,1500006,1500006,7717
ShellSort,AlmostSorted,100000,1500006,1500006,7573
ShellSort,Random,100000,1500006,1500006,7824
InsertionSort,Sorted,1000000,999999,999999,5349
InsertionSort,Reversed,1000000,499999500000,500000499999,3.30993e+09
InsertionSort,AlmostSorted,1000000,57614700751,57614700751,3.91736e+08
InsertionSort,Random,1000000,249867458799,249867458810,1.63385e+09
BubbleSort,Sorted,1000000,499999500000,0,2.05954e+09
BubbleSort,Reversed,1000000,499999500000,0,2.05512e+09
BubbleSort,AlmostSorted,1000000,499999500000,0,1.50837e+09
BubbleSort,Random,1000000,499999500000,0,1.52763e+09
HeapSort,Sorted,1000000,40575586,19787793,565834
HeapSort,Reversed,1000000,40575586,19787793,567225
HeapSort,AlmostSorted,1000000,40575586,19787793,401271
HeapSort,Random,1000000,40539894,19769947,314545
MergeSort,Sorted,1000000,10066432,19951424,388466
MergeSort,Reversed,1000000,10066432,19951424,309127
MergeSort,AlmostSorted,1000000,10066432,19951424,284408
MergeSort,Random,1000000,10066432,19951424,288698
QuickSort,Sorted,1000000,499999500000,500000499999,3.72387e+09
QuickSort,Reversed,1000000,499999500000,500000499999,3.70666e+09
QuickSort,AlmostSorted,1000000,499999500000,500000499999,3.75395e+09
QuickSort,Random,1000000,316130263518,316130499419,2.41045e+09
ShellSort,Sorted,1000000,18000007,18000007,101843
ShellSort,Reversed,1000000,18000007,18000007,98315
ShellSort,AlmostSorted,1000000,18000007,18000007,85941
ShellSort,Random,1000000,18000007,18000007,81770
